Movie Name,Overview,Release Date,Poster URL,Genre IDs,Genres
Maa,A mother and daughter encounter a demon in a village where girls have been disappearing.,2025-06-20,https://image.tmdb.org/t/p/w500/kc5n7LJUmvBsVxzAla1ONN8kouP.jpg,[27],['Horror']
Inspector Zende,"When serial killer Carl Bhojraj escapes prison and resurfaces in Mumbai, the determined Inspector Zende steps up to nab the cunning fugitive once more.",2025-09-04,https://image.tmdb.org/t/p/w500/dHGtwfVfY502veuMojfAkNbIBO9.jpg,"[35, 18, 53]","['Comedy', 'Drama', 'Thriller']"
Baaghi 4,"After waking up from a coma, a grieving man sets out to uncover the truth about his missing girlfriend.",2025-09-05,https://image.tmdb.org/t/p/w500/u2YEFW5o2Y7RAw2K4hSA4TEXF3Q.jpg,"[28, 53]","['Action', 'Thriller']"
Saiyaara,"Two artistic souls find harmony through music despite their contrasting worlds. As feelings deepen, age and circumstances challenge their undeniable bond.",2025-07-18,https://image.tmdb.org/t/p/w500/hQBIsi3ZfBYEayMc3GhcEmJVkss.jpg,"[10749, 18, 10402]","['Romance', 'Drama', 'Music']"
Sikandar,A tragic accident pushes the powerful Sikandar to protect the less fortunate by standing up to corruption and greed — using any means necessary.,2025-03-29,https://image.tmdb.org/t/p/w500/41s42CRXafa3OuRGvCtfYPEBmse.jpg,"[28, 18]","['Action', 'Drama']"
Akshardham: Operation Vajra Shakti,"NSG commando Hanut Singh, scarred by a past mission, defies orders during a temple siege in Gujarat. He leads a risky operation against terrorists demanding a militant's release, while confronting personal demons.",2025-07-04,https://image.tmdb.org/t/p/w500/ckghAN8FuYY2icUyJjVkKXiBrek.jpg,"[28, 18]","['Action', 'Drama']"
Dilwale Dulhania Le Jayenge,"Raj is a rich, carefree, happy-go-lucky second generation NRI. Simran is the daughter of Chaudhary Baldev Singh, who in spite of being an NRI is very strict about adherence to Indian values. Simran has left for India to be married to her childhood fiancé. Raj leaves for India with a mission at his hands, to claim his lady love under the noses of her whole family. Thus begins a saga.",1995-10-20,https://image.tmdb.org/t/p/w500/2CAL2433ZeIihfX1Hb2139CX0pW.jpg,"[35, 18, 10749]","['Comedy', 'Drama', 'Romance']"
Tehran,"On 13th February 2012, a magnetic bomb exploded, destroying an Israeli embassy vehicle in Delhi. ACP Rajeev Kumar, leading the investigation, suspects more than what meets the eye. Amid political pressure and suspicions of an Iranian connection, he embarks on a perilous journey to uncover the truth, facing formidable adversaries.",2025-08-14,https://image.tmdb.org/t/p/w500/gbz9Y1NwnlE2GxXmgWTKZC1fste.jpg,"[28, 53]","['Action', 'Thriller']"
King,,,https://image.tmdb.org/t/p/w500/oZNR4bFc7rS7mpdKCqj6910tWK0.jpg,"[28, 53]","['Action', 'Thriller']"
War 2,"Years ago Agent Kabir went rogue, became India’s greatest villain ever.  As he descends further into the deepest shadows... India sends its deadliest, most lethal agent after him, Agent Vikram  A Special Units Officer who is more than Kabir’s equal and a relentless Terminator driven by his own demons, determined to put a bullet into Kabir’s skull.",2025-08-13,https://image.tmdb.org/t/p/w500/tHUEGjexjpTDO3ggla9JQ6CojxU.jpg,"[28, 12, 53]","['Action', 'Adventure', 'Thriller']"
Jawan,"An emotional journey of a prison warden, driven by a personal vendetta while keeping up to a promise made years ago, recruits inmates to commit outrageous crimes that shed light on corruption and injustice, in an attempt to get even with his past,  and that leads him to an unexpected reunion.",2023-09-07,https://image.tmdb.org/t/p/w500/jFt1gS4BGHlK8xt76Y81Alp4dbt.jpg,"[28, 80, 53]","['Action', 'Crime', 'Thriller']"
Six Nine Five,Based on Ram janambhumi Struggle. Historical drama concerning the birth of Rama.,2024-01-18,https://image.tmdb.org/t/p/w500/9D3iJhGAIRPAwNtEvvY7G2iPUef.jpg,"[12, 36, 18]","['Adventure', 'History', 'Drama']"
Jewel Thief - The Heist Begins,"In this high-octane battle of wits and wills, ingenious con artist Rehan devises a diamond heist while trying to outsmart Rajan, his sadistic adversary.",2025-04-24,https://image.tmdb.org/t/p/w500/eujLbO0kf1eqWC8XpHUJdtAVW2J.jpg,"[28, 53]","['Action', 'Thriller']"
Haseena Maan Jaayegi,"Separated from their wealthy father and each other, two brothers try to win the hearts of their dream girls.",1999-06-25,https://image.tmdb.org/t/p/w500/pNZkVQOpSFkOEVRIXJGUInFNE5w.jpg,"[28, 35]","['Action', 'Comedy']"
Match Fixing - The Nation At Stake,A secret war was hatched. A fake narrative took shape. A nation was deceived. Unveil a shocking conspiracy that shook the country.,2025-01-10,https://image.tmdb.org/t/p/w500/szmEGYLFC7caihW0qrOoWgcMn5c.jpg,[18],['Drama']
Nishaanchi,"Two brothers walk starkly different paths, exploring how their choices shape their destinies.",2025-09-19,https://image.tmdb.org/t/p/w500/aDI8pTr7QDs1QnDKCKsAoEampZj.jpg,"[80, 18]","['Crime', 'Drama']"
War,"Khalid, entrusted with the task of eliminating former soldier turned rogue Kabir, engages in an epic battle with his mentor who taught him everything.",2019-10-02,https://image.tmdb.org/t/p/w500/yUtaHkL2SDIAZhRApZAyQrAXygn.jpg,"[28, 53, 12]","['Action', 'Thriller', 'Adventure']"
Animal,The hardened son of a powerful industrialist returns home after years abroad and vows to take bloody revenge on those threatening his father's life.,2023-12-01,https://image.tmdb.org/t/p/w500/hr9rjR3J0xBBKmlJ4n3gHId9ccx.jpg,"[28, 80, 18]","['Action', 'Crime', 'Drama']"
Bobby,"Raja is the 18-year-old son of a wealthy Bombay businessman who suffers from his parents coldness and neglect. Shortly after finishing school he meets Bobby, the 16-year-old daughter of a poor Christian fisherman. They fall head over heels for each other, but they'll need everything they have to defend their love as their families won't accept them marrying each other...",1973-09-28,https://image.tmdb.org/t/p/w500/n6qMnbPuq6m28ncbyS29vzoLI0H.jpg,"[18, 10749]","['Drama', 'Romance']"
Madras Cafe,An Indian intelligence agent journeys to a war-torn coastal island to break a resolute rebel group and meets a passionate journalist.,2013-08-23,https://image.tmdb.org/t/p/w500/3cfFqEuj2ynHUb0FTBThTh0gQB9.jpg,"[53, 18, 28]","['Thriller', 'Drama', 'Action']"
Yeh Jawaani Hai Deewani,"On a trekking trip, an introverted Naina falls for a charming ex-classmate, whose thirst for adventure drives them apart. Years later, their paths cross again.",2013-05-31,https://image.tmdb.org/t/p/w500/em39H81XLCDgXsI7V4IcBZseEO6.jpg,"[10749, 35]","['Romance', 'Comedy']"
Tumbbad,"India, 1918. On the outskirts of Tumbbad, a cursed village where it always rains, Vinayak, along with his mother and his brother, care of a mysterious old woman who keeps the secret of an ancestral treasure that Vinayak gets obsessed with.",2018-10-12,https://image.tmdb.org/t/p/w500/6qeRFImDskoIRkSCFatqeM2rM3k.jpg,"[14, 27]","['Fantasy', 'Horror']"
Sharada,"After Shekhar (Raj Kapoor) falls for beautiful Sharada (Meena Kumari), he makes her promise that she'll wait for him while he goes abroad on a business trip. But when Shekhar's plane goes down in flames, Sharada finds comfort in the arms of another man, not knowing that he's Shekhar's widowed father (Raj Mehra). Trouble is, Shekhar survived the crash and soon returns home, only to discover that Sharada has become … his mother!",1957-02-23,https://image.tmdb.org/t/p/w500/abPREFRYeNmKVPAoCzZMnLUQMtp.jpg,"[10749, 18]","['Romance', 'Drama']"
3 Idiots,"Rascal. Joker. Dreamer. Genius... You've never met a college student quite like ""Rancho."" From the moment he arrives at India's most prestigious university, Rancho's outlandish schemes turn the campus upside down—along with the lives of his two newfound best friends. Together, they make life miserable for ""Virus,"" the school’s uptight and heartless dean. But when Rancho catches the eye of the dean's daughter, Virus sets his sights on flunking out the ""3 idiots"" once and for all.",2009-12-23,https://image.tmdb.org/t/p/w500/66A9MqXOyVFCssoloscw79z8Tew.jpg,"[18, 35]","['Drama', 'Comedy']"
Gupt: The Hidden Truth,"When Governor Jaisingh Sinha is murdered, the needle of suspicion points towards his estranged step-son, Sahil. Now Sahil must prove his innocence and find out who the real killer is.",1997-07-04,https://image.tmdb.org/t/p/w500/cTRAfzb2p2bAD3QnM34mzE9mp1n.jpg,"[53, 28, 10749]","['Thriller', 'Action', 'Romance']"
Housefull 5,"A father writes his will — his son ""Jolly"" is going to get it all. But who is Jolly? The comedy unfolds as different people pose as the ""real"" Jolly on a cruise celebrating the father's birthday — where a murder takes place.",2025-06-05,https://image.tmdb.org/t/p/w500/iGvGkVOfsooO0ZBrhN5i6zXYUCy.jpg,"[35, 9648, 53]","['Comedy', 'Mystery', 'Thriller']"
Baaghi,"Ronny is a rebellious man, who falls in love with Sia but circumstances separate them. Years later, Ronny learns that Sia is abducted by a martial arts champion, Raghav.",2016-04-29,https://image.tmdb.org/t/p/w500/h6Jb94F5C9JCVzu6a8qPSPjaD6P.jpg,"[28, 53, 10749, 12]","['Action', 'Thriller', 'Romance', 'Adventure']"
Bade Miyan Chote Miyan,Two elite soldiers with troubled pasts are enlisted for a daring mission when a deadly masked madman threatens India's defenses.,2024-04-11,https://image.tmdb.org/t/p/w500/ote8HmQOgmoAfqFaqVKsEdgD2q4.jpg,"[28, 878, 53]","['Action', 'Science Fiction', 'Thriller']"
GGS - Ganteng-Ganteng Sange,Kelas Bintang is back with this pack of drama called GGS - Ganteng-Ganteng Sange.,2023-05-28,https://image.tmdb.org/t/p/w500/39fFH027tOpTyZwSNOydSAsOCzb.jpg,"[18, 10749]","['Drama', 'Romance']"
Simmba,A corrupt police officer enjoys all the perks of being an immoral and unethical police officer until an event which transforms his life completely and forces him to choose the righteous path.,2018-12-28,https://image.tmdb.org/t/p/w500/ulQO4XJ1xlWdl4vX8Lr3SbWRfZw.jpg,"[28, 35, 80, 18]","['Action', 'Comedy', 'Crime', 'Drama']"
Dhoom 2,"Jai and Ali return, this time on the trail of an international thief who steals priceless artifacts and has chosen Mumbai as his next target.",2006-11-24,https://image.tmdb.org/t/p/w500/3zJLnrP9g9LSMpX5C1wau49gGUv.jpg,"[18, 28, 53, 80]","['Drama', 'Action', 'Thriller', 'Crime']"
Ramayana: Part One,First part of the epic Ramayana Duology.,2026-11-06,https://image.tmdb.org/t/p/w500/vlYuhFSdmEwo4czE2eDdf2pJ10G.jpg,"[28, 18, 14]","['Action', 'Drama', 'Fantasy']"
Aag Se Khelenge,"While trying to arrest a gangster, a police officer joins hands with Johnny, one of the gangster's men who claims to be an undercover police officer himself.",1989-09-15,https://image.tmdb.org/t/p/w500/wNajbvHGoATbv5wbxM5TU0SCmQ1.jpg,[],[]
Param Sundari,"In Kerala's picturesque backwaters, a North Indian and South Indian find unexpected love. Their cultural differences spark a hilarious and chaotic romance, full of twists and turns.",2025-08-29,https://image.tmdb.org/t/p/w500/uLPUsH3Fwe6mAU7n6WpMSDLdYCm.jpg,"[10749, 18, 35]","['Romance', 'Drama', 'Comedy']"
Madras Cafe,An Indian intelligence agent journeys to a war-torn coastal island to break a resolute rebel group and meets a passionate journalist.,2013-08-23,https://image.tmdb.org/t/p/w500/3cfFqEuj2ynHUb0FTBThTh0gQB9.jpg,"[53, 18, 28]","['Thriller', 'Drama', 'Action']"
Nishaanchi,"Two brothers walk starkly different paths, exploring how their choices shape their destinies.",2025-09-19,https://image.tmdb.org/t/p/w500/aDI8pTr7QDs1QnDKCKsAoEampZj.jpg,"[80, 18]","['Crime', 'Drama']"
Dhoom 3,"To avenge his father's death, a circus entertainer trained in magic and acrobatics robs banks to take down a corrupt bank owner. Two cops from Mumbai are assigned to the case.",2013-12-19,https://image.tmdb.org/t/p/w500/rUVTM5EQUQ2I0fcfE46AkvBYWae.jpg,"[28, 80]","['Action', 'Crime']"
Like Stars on Earth,"Ishaan Awasthi is an eight-year-old whose world is filled with wonders that no one else seems to appreciate. Colours, fish, dogs, and kites don't seem important to the adults, who are much more interested in things like homework, marks, and neatness. Ishaan cannot seem to get anything right in class; he is then sent to boarding school, where his life changes forever.",2007-12-21,https://image.tmdb.org/t/p/w500/puHRt6Raovm5ujGCdwLWvRv4NHU.jpg,[18],['Drama']
Raaz Reboot,"Newly-weds Rehaan and Shaina move to Romania after the former is offered a job. When Shaina senses paranormal activity around her, she learns that her husband is harbouring a secret from her.",2016-06-17,https://image.tmdb.org/t/p/w500/9S7KOgIFlr2F3Zv6dFK22rIeR1a.jpg,[27],['Horror']
Zindagi Na Milegi Dobara,"Three friends who were inseparable in childhood decide to go on a three-week-long bachelor road trip to Spain, in order to re-establish their bond and explore thrilling adventures, before one of them gets married. What will they learn of themselves and each other during the adventure?",2011-07-15,https://image.tmdb.org/t/p/w500/hKO9O715wYxjkQSEv47giCYcyO8.jpg,"[18, 35, 10749]","['Drama', 'Comedy', 'Romance']"
Mohenjo Daro,"During the Indus valley civilization, an Indigo farmer strives for the justice and protection of the city of Mohenjo-Daro and its civilians from an evil politician.",2016-08-11,https://image.tmdb.org/t/p/w500/3k4ESzzPCQHwjPYJoI489Fk2jZc.jpg,"[12, 18, 36, 10749]","['Adventure', 'Drama', 'History', 'Romance']"
No Entry,"Kishan has always been faithful to his wife, Kaajal, who constantly suspects him of having affairs. Meanwhile, Kishan's friend Prem frequently cheats on his doting wife, Pooja, without getting caught, incurring the disapproval of Kishan and photographer Sunny. Tired of listening to his moralistic pals, Prem introduces Kishan to Bobby, an attractive escort.",2005-08-26,https://image.tmdb.org/t/p/w500/h1ErmexOhpRsVYPil9PQOJVRu2j.jpg,"[35, 10749]","['Comedy', 'Romance']"
Bheegi Raat,"A struggling artist accidentally kills a man on a ""wet night."" Unbeknownst to him, a wealthy witness falls for his sister. Their love blossoms, but the hidden truth of the murder threatens to unravel everything, forcing them to confront a dark past that could shatter their future.",1965-12-10,https://image.tmdb.org/t/p/w500/zWZ1Y47L7IMK50USDYXhbihbFgM.jpg,"[35, 18, 10749]","['Comedy', 'Drama', 'Romance']"
Rocky Aur Rani Kii Prem Kahaani,"Gym-freak brat Rocky falls in love with Rani, who comes from a well-educated Bengali family. Being from polar opposite worlds, the two decide to switch their families to adjust to each other's cultures and backgrounds and to know if their marriage will survive. Rocky and Rani are trapped in a world where they are united by love but divided by families and the ultimate question is will they fit in?",2023-07-28,https://image.tmdb.org/t/p/w500/vTQIqlxUkOuyf2UKhlM2OUaFGKz.jpg,"[35, 18, 10751, 10749]","['Comedy', 'Drama', 'Family', 'Romance']"
Baaghi 3,A man embarks on a bloody rampage to save his kidnapped brother.,2020-03-06,https://image.tmdb.org/t/p/w500/14nxzkz2ZE0BXoywF6UnP5rjfcL.jpg,"[28, 12, 53]","['Action', 'Adventure', 'Thriller']"
Lagan,A 1955 Hindi film directed by O.P. Dutta.,1955-01-01,,[10749],['Romance']
Ek Chatur Naar,"Abhishek Verma, a fund consultant, gets trapped in a web of lies, deception and blackmail after a good-for-nothing but cunning woman, failing to make ends meet, gets her hands on his phone, which lets slip more than anyone should know, forcing him to comply.",2025-09-12,https://image.tmdb.org/t/p/w500/apMb2Oz9uvqA19dawmeglKM7THX.jpg,"[18, 35, 80]","['Drama', 'Comedy', 'Crime']"
Om Shanti Om,"Reincarnated 30 years after being killed in a suspicious on-set fire, a small-time actor is determined to punish the person who ignited the blaze.",2007-11-07,https://image.tmdb.org/t/p/w500/2mnqkI871E0thcIwsB6K6Bhemb2.jpg,"[35, 53, 18]","['Comedy', 'Thriller', 'Drama']"
Yamla Pagla Deewana,Dharmendra and Bobby play a crooked father-son pair based in Varanasi. Sunny plays a Canada based upright man who gets to know after two decades that he has a father and brother in Varanasi. The film is about Sunny's journey to his past.,2011-01-14,https://image.tmdb.org/t/p/w500/1Po2YSBz2vloFxjYbs3CNO7I1vf.jpg,"[10402, 28, 35, 18, 10749]","['Music', 'Action', 'Comedy', 'Drama', 'Romance']"
Dangal,"Dangal is an extraordinary true story based on the life of Mahavir Singh and his two daughters, Geeta and Babita Phogat. The film traces the inspirational journey of a father who trains his daughters to become world class wrestlers.",2016-12-21,https://image.tmdb.org/t/p/w500/cJRPOLEexI7qp2DKtFfCh7YaaUG.jpg,"[18, 10751, 35]","['Drama', 'Family', 'Comedy']"
Sultan,"The ageing wrestler Sultan Ali Khan decides to try his luck on the mat again; to do this, he wants to represent his country at the Olympic Games, but first has to overcome personal issues.",2016-07-06,https://image.tmdb.org/t/p/w500/vPTYtKuV8X5uUd3SqnzO14W6Dti.jpg,"[18, 28, 10749]","['Drama', 'Action', 'Romance']"
Sadiyaan: Boundaries Divide... Love Unites,"While waiting at Attari Railway Station circa 1968, Rajveer Singh and his wife, Amrit Kaur, recall the turbulent years of partition, how they fled from their hometown in Lahore, and of being separated from their only son, Ehsaan. They arrive near Amritsar and take over the vacant house of Pervez Shahbudin - with it's lone occupant, a male child, left behind by his parents. Amrit gets to adopt him after Rajveer is unable to locate his parents, and they call him Ehsaan - who soon grows up to excel in studies and sports. On a trip to Kashmir, he meets with and falls in love with Chandni rather dramatically, and is overjoyed to learn that she also is from Amritsar.",2010-03-02,https://image.tmdb.org/t/p/w500/sd1K8s5NsYtIGJ74iHm81WXFuQU.jpg,"[18, 10749]","['Drama', 'Romance']"
Chirag Kahan Roshni Kahan,"A pregnant Ratna loses her husband, eventually gives birth to a son, Raju, in a hospital where she is treated by renowned Dr. Anand.",1959-11-11,https://image.tmdb.org/t/p/w500/8JhA7RgQZT1F1UikpFAQLIRQO8K.jpg,"[18, 10751]","['Drama', 'Family']"
Adipurush,"7000 years ago, Ayodhya's Prince Raghava and Prince Sesh along with the Mighty Vanar Warriors travels to the island of Lanka with an aim to rescue Raghava's wife Janaki, who has been abducted by Lankesh, the king of Lanka.",2023-06-16,https://image.tmdb.org/t/p/w500/1H2xEZOixs0z0JKwyjANZiKNNVJ.jpg,"[36, 28, 12, 14]","['History', 'Action', 'Adventure', 'Fantasy']"
Sacred Evil – A True Story,A witch is asked to heal a 45 year old woman whose sanity is at stake.,2006-06-02,https://image.tmdb.org/t/p/w500/6DfBUEik430QHCZlwqW22j6dcST.jpg,"[18, 27]","['Drama', 'Horror']"
Mrs. Undercover,An ace undercover agent living as a middle-class housewife is assigned a task after a decade. How will she take down a serial killer targeting ambitious women with her rusty skills?,2023-04-14,https://image.tmdb.org/t/p/w500/wEKwOfgo3IMGNNGkDF0WJQtrmIx.jpg,"[28, 35, 53]","['Action', 'Comedy', 'Thriller']"
Veer-Zaara,"Squadron Leader Veer Pratap Singh, a pilot in the Indian Air Force, rescues the stranded Zaara, a woman from Pakistan, following a bus accident, and their lives are forever bound.",2004-11-12,https://image.tmdb.org/t/p/w500/j267YqLvKAHeyykTflxzpgVgviQ.jpg,"[18, 10749]","['Drama', 'Romance']"
Maalik,"Set in the rural, rusty and politically charged Allahabad of the 1980s, Maalik is a peek into the making of a dreaded gangster from a humble background with intoxication of power to rule the world.",2025-07-11,https://image.tmdb.org/t/p/w500/etb6zsDB8SmIWBKXIUI2U73gfUH.jpg,"[28, 53, 80, 18]","['Action', 'Thriller', 'Crime', 'Drama']"
Kranti Kshetra,"Due to his excellent performance in the Indian Armed Forces, Major Barkat Singh is thrust the responsibility to capture a notorious criminal. Post assignment, he faces numerous challenges.",1994-08-26,https://image.tmdb.org/t/p/w500/kuSJTZpTNTzw2czr0rB8MPA4M36.jpg,"[28, 35, 18]","['Action', 'Comedy', 'Drama']"
The B****di,,2025-02-17,https://image.tmdb.org/t/p/w500/ozBZR7WODJ10aOGHtgtagDpYQgQ.jpg,[28],['Action']
Kranti Kshetra,"Due to his excellent performance in the Indian Armed Forces, Major Barkat Singh is thrust the responsibility to capture a notorious criminal. Post assignment, he faces numerous challenges.",1994-08-26,https://image.tmdb.org/t/p/w500/kuSJTZpTNTzw2czr0rB8MPA4M36.jpg,"[28, 35, 18]","['Action', 'Comedy', 'Drama']"
Veer-Zaara,"Squadron Leader Veer Pratap Singh, a pilot in the Indian Air Force, rescues the stranded Zaara, a woman from Pakistan, following a bus accident, and their lives are forever bound.",2004-11-12,https://image.tmdb.org/t/p/w500/j267YqLvKAHeyykTflxzpgVgviQ.jpg,"[18, 10749]","['Drama', 'Romance']"
Haiwaan,,,,"[53, 18]","['Thriller', 'Drama']"
Mohenjo Daro,"During the Indus valley civilization, an Indigo farmer strives for the justice and protection of the city of Mohenjo-Daro and its civilians from an evil politician.",2016-08-11,https://image.tmdb.org/t/p/w500/3k4ESzzPCQHwjPYJoI489Fk2jZc.jpg,"[12, 18, 36, 10749]","['Adventure', 'Drama', 'History', 'Romance']"
Agneepath,"When his father is lynched by a mob after being framed by a gangster, a young boy leaves his village along with his pregnant mother  and flees to Mumbai. He takes up a life of crime and swears to avenge his father. A remake of the 1990 film.",2012-01-25,https://image.tmdb.org/t/p/w500/xO9sErs0c3XMzh8O34ygQWcENTj.jpg,"[28, 80, 18]","['Action', 'Crime', 'Drama']"
Fraud Saiyaan,The story of a con artist in North India who convinces women to marry him just so he can live off their money.,2019-01-18,https://image.tmdb.org/t/p/w500/jobB4ZKJSxvXwXgvtXz8HNMYhab.jpg,"[35, 18]","['Comedy', 'Drama']"
Afsana,"Ratan and Chaman are twins brothers who love the same girl, Meera. During a fair, all three are separated. While Chaman and Meera are found, Ratan is untraceable. Years later, Chaman is no longer attracted to Meera, but in a dancing girl named Rasily, while Meera awaits word of her childhood sweetheart Ratan, who she feels is still alive. Then the unexpected happens, Chaman gets into a fight with another man, killing him, and is on the run from the police. Misunderstandings are clarified, and the law declares this to be an accidental death, and as a result Chaman returns. But this is not the same Chaman any more. For one thing, he has lost interest in Rasily, and is more interested in Meera - could it be that Ratan has returned in place of Chaman? If so, what has happened to Chaman?",1951-01-01,https://image.tmdb.org/t/p/w500/4gAPjYGP22mwfLwhw5g0vb5KrrZ.jpg,[],[]
Kaamyaab,"The human drama is based on an interesting premise of a seasoned character actor who decides to come out of retirement and begin a quest for a record of some sorts, that elusive 500th role, the one for which he shall be remembered forever.",2020-03-06,https://image.tmdb.org/t/p/w500/b2VeikFx112olsivPPzA8D3cTUL.jpg,"[35, 18]","['Comedy', 'Drama']"
Maalik,"Set in the rural, rusty and politically charged Allahabad of the 1980s, Maalik is a peek into the making of a dreaded gangster from a humble background with intoxication of power to rule the world.",2025-07-11,https://image.tmdb.org/t/p/w500/etb6zsDB8SmIWBKXIUI2U73gfUH.jpg,"[28, 53, 80, 18]","['Action', 'Thriller', 'Crime', 'Drama']"
Raaz Reboot,"Newly-weds Rehaan and Shaina move to Romania after the former is offered a job. When Shaina senses paranormal activity around her, she learns that her husband is harbouring a secret from her.",2016-06-17,https://image.tmdb.org/t/p/w500/9S7KOgIFlr2F3Zv6dFK22rIeR1a.jpg,[27],['Horror']
Gangubai Kathiawadi,"Duped and sold to a brothel, a young woman fearlessly reclaims her power, using underworld connections to preside over the world she was once a pawn in.",2022-02-24,https://image.tmdb.org/t/p/w500/wHPEKlzg7CaJFCjWlMdZKpCRIDl.jpg,"[80, 18, 36]","['Crime', 'Drama', 'History']"
Humko Deewana Kar Gaye,"Aditya, an engineer, travels to Canada for training. There he meets Jia, a beautiful woman from an influential family. Fate keeps pushing the pair together, and even though both are already betrothed to others, Adi and Jia fall in love.",2006-04-14,https://image.tmdb.org/t/p/w500/5Pe8sACQOQ6Ht6mPR5tUNwpGHgy.jpg,"[18, 10749]","['Drama', 'Romance']"
14 Phere,"Sanjay, a Rajput from Jahanabad, falls in love with his college senior Aditi, a Jat from Jaipur. They want to get married, but don't want to hurt their families. So they plan to get married by arranging a fake set of parents. Will they succeed?",2021-07-23,https://image.tmdb.org/t/p/w500/afEOWT6LvwPz9oeHnNKzObBu2NB.jpg,"[35, 10749, 18]","['Comedy', 'Romance', 'Drama']"
The B****di,,2025-02-17,https://image.tmdb.org/t/p/w500/ozBZR7WODJ10aOGHtgtagDpYQgQ.jpg,[28],['Action']
Raja Saab,"Orphan Rajoo has always dreamed of becoming a wealthy prince -- but when he finally gets a chance to live out this dream, he must make a difficult choice between love and the realization of his long-held fantasy. As an adult, he works for a grateful prince who offers Rajoo the chance to impersonate him; in order to pull off the deception, however, Rajoo must insult the princess, whom he has fallen in love with.",1969-01-01,https://image.tmdb.org/t/p/w500/9fMxK0VLEuy3T5xOPT9NDDxzpy2.jpg,[10749],['Romance']
Azaad,"After her widower dad, Kedarnath, passes away, Shobha goes to live with his friend, Charandas, and his wife, Shanta, who had their son go missing as a child. Years later Shobha is now matured and Charandas scouts for a suitable groom. A wealthy man, Sunder, would like to marry Shobha, but the family detests him.",1955-03-01,https://image.tmdb.org/t/p/w500/3kaiRkQ4fiHZ6AXDsNWJUoyexgd.jpg,"[28, 12, 35]","['Action', 'Adventure', 'Comedy']"
Samrat Prithviraj,"The true story of legendary Hindu warrior king ""Prithviraj Chauhan"" including his early military successes, love story with Sanyogita & clashes with Muhammad of Ghor, a ruler of the Ghurid dynasty who led the foundation of Muslim rule in the Indian subcontinent.",2022-06-03,https://image.tmdb.org/t/p/w500/itjop20yizH1cwB44tIo5JivPSq.jpg,"[28, 18, 36]","['Action', 'Drama', 'History']"
Metro... In Dino,"Follows interconnected stories of several different couples, each facing a crossroads at different stages in their lives and relationships.",2025-07-04,https://image.tmdb.org/t/p/w500/AlmzM8CNm2fRJQW2iA9Ittwv0ig.jpg,"[18, 10749, 35]","['Drama', 'Romance', 'Comedy']"
Desi Boyz,"When two cash-strapped UK-based Indians become male escorts amid an economic downturn, money flows right in but everything else in their lives starts falling apart.",2011-11-25,https://image.tmdb.org/t/p/w500/2Tga4SJQTKSENOISM5CRIb240LR.jpg,"[35, 18]","['Comedy', 'Drama']"
PK,"A stranger in the city asks questions no one has asked before. Known only by his initials, the man's innocent questions and childlike curiosity take him on a journey of love, laughter and letting go.",2014-12-18,https://image.tmdb.org/t/p/w500/z2x2Y4tncefsIU7h82gmUM5vnBJ.jpg,"[35, 18, 878]","['Comedy', 'Drama', 'Science Fiction']"
The Kashmir Files,"Based on a true tragedy, the emotionally triggering film sheds light on the plight of Kashmiri Pandits (Hindus), a religious minority in the 1990s Kashmir valley, who were compelled to flee their homes by the Islamic militants.",2022-03-11,https://image.tmdb.org/t/p/w500/k079zl4TcFVK0n5CypQeYqSkwdU.jpg,"[36, 18]","['History', 'Drama']"
Kaali Khuhi,"When a restless spirit curses a Punjab village that has a history of female infanticide, the town's fate lies in the hands of a 10-year old girl, Shivangi.",2020-10-30,https://image.tmdb.org/t/p/w500/6zssTYgFelEo9XIzflrEvjhti6l.jpg,"[27, 18, 53]","['Horror', 'Drama', 'Thriller']"
Rocket Singh: Salesman of the Year,"Rocket Singh: Salesman of the Year is the sometimes thoughtless, sometimes thoughtful story of a fresh graduate trying to find a balance between the maddening demands of the 'professional' way, and the way of his heart - and stumbling upon a crazy way which turned his world upside down, and his career right side up. Welcome to the world of sales boss!",2009-12-11,https://image.tmdb.org/t/p/w500/3Z8lLFzPOBfOO4w3CykRaCeh9h.jpg,"[18, 35, 10749]","['Drama', 'Comedy', 'Romance']"
Sacred Evil – A True Story,A witch is asked to heal a 45 year old woman whose sanity is at stake.,2006-06-02,https://image.tmdb.org/t/p/w500/6DfBUEik430QHCZlwqW22j6dcST.jpg,"[18, 27]","['Drama', 'Horror']"
Aag,"A man obsessed over two things, the theater and a childhood friend, recounts his life story to his new bride.",1948-08-06,https://image.tmdb.org/t/p/w500/sWjGJEdVFXpPJeJ74DUwbMumZGI.jpg,"[10749, 18]","['Romance', 'Drama']"
Lagaan: Once Upon a Time in India,"In 1890s India, an arrogant British commander challenges the harshly taxed residents of Champaner to a high-stakes cricket match.",2001-06-15,https://image.tmdb.org/t/p/w500/yNX9lFRAFeNLNRIXdqZK9gYrYKa.jpg,"[12, 18, 36]","['Adventure', 'Drama', 'History']"
Hate Story,Journalist Kavya Krishna loves tycoon Siddharth - who uses and abuses her. How far will Kavya go to get revenge?,2012-04-20,https://image.tmdb.org/t/p/w500/bnKApifJZnrqzOb9DVAmWffjOWk.jpg,"[18, 53]","['Drama', 'Thriller']"
Singham Again,The cop universe expands with newer additions while the old ones return led by Bajirao Singham. Singham Again interweaves the mythological epic Ramayana's good vs evil narrative when his wife Avni Kamath gets abducted by Danger Lanka setting Bajirao and his gang of Sangram Bhalerao and Veer Sooryavanshi along with Satya and Shakti Shetty on a mission to rescue her.,2024-11-01,https://image.tmdb.org/t/p/w500/2JbNkHg8m7LaBy61LyrnnlenaxY.jpg,"[28, 18, 53, 80]","['Action', 'Drama', 'Thriller', 'Crime']"
Agent Vinod,"Agent Vinod sets out on a secret mission to find the reason behind the death of Rajan, his colleague. Terror strikes when he unfolds an even bigger conspiracy.",2012-03-23,https://image.tmdb.org/t/p/w500/4bgof0gD4qa5fOynU3jzcqHbOcF.jpg,"[28, 12, 53, 10749]","['Action', 'Adventure', 'Thriller', 'Romance']"
Jigarwala,"Murder and political intrigue kick off a chain reaction of revenge in a small Indian village when the local zamindar, Dhurjan Singh (Amrish Puri), is convicted and jailed for killing Ranjeet (Biswajeet), a villager who opposed his policies. The animosity only intensifies when Dhurjan is released from prison and learns his son has been murdered in his absence. Anil Kapoor and Gulshan Grover co-star.",1991-01-04,https://image.tmdb.org/t/p/w500/2GwEeK5pBxUgiJomK0CxxoXYyXG.jpg,"[18, 28]","['Drama', 'Action']"
Amanat,"A dying man entrusts his lives earnings to Purshotam, a stranger he just met, and asks him to promise to take this money to his wife, and son, Pradeep, in a remote village in India, to which Purshotam agrees. The man passes away, and Purshotam goes to fulfill his promise, in vain though, as he is unable to trace the woman and her son. After sometime he experiences financial difficluties, and decides to use the money for his personal gain. Years later he comes to know of the rightful heir to these monies, but will he able to assert his honesty, or will he carry on as though nothing has happened",1955-10-04,https://image.tmdb.org/t/p/w500/mmB02uqrPGW0n40vs2Sx6EjaOAD.jpg,[],[]
Juari,Rakesh is an unemployed youngster who turns to a master gambler for existence. But even after getting rich he values morals than money. But slowly he feels that he is being used by a rich woman. Rakesh is now forced to question whether he chose the right way to get rich.,1968-01-01,https://image.tmdb.org/t/p/w500/6BhFgDi8hwhxAM6vn3xlS7yrDF8.jpg,[10749],['Romance']
Sardar Udham,"A young Sardar Udham Singh left deeply scarred by the Jallianwala Bagh massacre, escaped into the mountains of Afghanistan, reaching London in 1933-34. Carrying an unhealed wound for 21 years, the revolutionary assassinated Michael O’Dwyer on 13th March, 1940, the man at the helm of affairs in Punjab, April 1919 to avenge the lost lives of his beloved brethren.",2021-10-16,https://image.tmdb.org/t/p/w500/d4fpJXhUNukd5XnzRO1XfWf7v88.jpg,"[80, 18, 36]","['Crime', 'Drama', 'History']"
Satyaprem Ki Katha,"A middle-class boy in Ahmedabad, Satyaprem falling in one-sided love with Katha, who is coping with her breakup with Tapan. Through the journey, they discover each other's life and complement in accomplishing what was left halfway.",2023-06-29,https://image.tmdb.org/t/p/w500/99DkKzMm7SrNw8p6jozCkKmOnTy.jpg,"[18, 10749]","['Drama', 'Romance']"
Dil Dhadakne Do,"On a cruise to celebrate their parents' 30th wedding anniversary, a brother and sister deal with the impact of family considerations on their romantic lives.",2015-06-04,https://image.tmdb.org/t/p/w500/AqFX6282JM2ollS4XTFp6t6Dwa9.jpg,"[18, 10751, 10749]","['Drama', 'Family', 'Romance']"
Mujhse Dosti Karoge!,"A man falls in love with his childhood friend, but her sister is the one who reciprocates his feelings.",2002-08-08,https://image.tmdb.org/t/p/w500/mHByEO7KRpABh1HvNoel3L6Y74O.jpg,"[10749, 35, 18]","['Romance', 'Comedy', 'Drama']"
Shahenshah,"Inspector Srivastav is framed by a wily and cunning gangster, J.K., and unable to prove his innocence, hangs himself, leaving behind his wife, and son, Vijay. Years later, Vijay has grown up and has joined the police force as an Inspector. Unlike his dad, he is corrupt and does accept bribes to turn a nelson's eye to crime. The City Police are assigned the task of apprehending a customed man called ""Shahenshah"", who operates at night and targets, tries and kills gangsters in a ""Judge and Executioner ""style. No one knows the real identity of Shahenshah, as he is feared by the police department, and respected by the poor and middle-class.",1988-01-29,https://image.tmdb.org/t/p/w500/g8noCys7ElC73lcluN4kDeUzhYQ.jpg,[28],['Action']
Kis Kisko Pyaar Karoon,"A comedy or errors, wherein a married man attempts to juggle his three wives along with his current girlfriend.",2015-09-25,https://image.tmdb.org/t/p/w500/6RI26AHpCUrjT1bXhdLbP5Ngyvx.jpg,"[35, 10749]","['Comedy', 'Romance']"
Ek Chatur Naar,"Abhishek Verma, a fund consultant, gets trapped in a web of lies, deception and blackmail after a good-for-nothing but cunning woman, failing to make ends meet, gets her hands on his phone, which lets slip more than anyone should know, forcing him to comply.",2025-09-12,https://image.tmdb.org/t/p/w500/apMb2Oz9uvqA19dawmeglKM7THX.jpg,"[18, 35, 80]","['Drama', 'Comedy', 'Crime']"
Baaghi 2,"A battle-hardened army officer goes in search of his ex-lover's child who is mysteriously kidnapped. Neha reaches out to the only person who can help her with her plight, Ronnie. He goes deep into the underbelly of Goa, facing off against drug lords, menacing Russian henchmen, and blood thirsty animals. Daring stunts, chase sequences, air strikes, bomb blasts and other large-scale action sequences will be done with a bona-fide, larger than life approach, truly making it a spectacle.",2018-03-30,https://image.tmdb.org/t/p/w500/nkjkHg9yCpPDM7COGCXfDtUJa2X.jpg,"[28, 80, 12, 9648, 53]","['Action', 'Crime', 'Adventure', 'Mystery', 'Thriller']"
